,fold,TN,FN,TP,FP,TPR,FPR,TNR,FNR,recall,acc,f1,precision_w,precision_macro,precision_micro,bsr,aucM
0,k_1,0,1,6,3,0.8571428571428571,1.0,0.0,0.14285714285714285,0.8571428571428571,0.6,0.75,0.4666666666666666,0.3333333333333333,0.6,0.42857142857142855,0.42857142857142855
1,k_2,0,1,6,3,0.8571428571428571,1.0,0.0,0.14285714285714285,0.8571428571428571,0.6,0.75,0.4666666666666666,0.3333333333333333,0.6,0.42857142857142855,0.42857142857142855
2,k_3,1,0,7,2,1.0,0.6666666666666666,0.33333333333333337,0.0,1.0,0.8,0.8750000000000001,0.8444444444444444,0.8888888888888888,0.8,0.6666666666666666,0.6666666666666667
3,k_4,1,1,5,3,0.8333333333333334,0.75,0.25,0.16666666666666666,0.8333333333333334,0.6,0.7142857142857143,0.575,0.5625,0.6,0.5416666666666667,0.5416666666666667
4,k_5,0,0,6,4,1.0,1.0,0.0,0.0,1.0,0.6,0.7499999999999999,0.36,0.3,0.6,0.5,0.5
5,k_6,0,0,6,4,1.0,1.0,0.0,0.0,1.0,0.6,0.7499999999999999,0.36,0.3,0.6,0.5,0.5
6,k_7,0,1,5,4,0.8333333333333334,1.0,0.0,0.16666666666666666,0.8333333333333334,0.5,0.6666666666666667,0.33333333333333337,0.2777777777777778,0.5,0.4166666666666667,0.4166666666666667
7,k_8,0,2,4,4,0.6666666666666666,1.0,0.0,0.3333333333333333,0.6666666666666666,0.4,0.5714285714285715,0.3,0.25,0.4,0.3333333333333333,0.3333333333333333
8,k_9,1,0,6,3,1.0,0.75,0.25,0.0,1.0,0.7,0.8,0.8,0.8333333333333333,0.7,0.625,0.625
9,k_10,3,5,1,1,0.16666666666666666,0.25,0.75,0.8333333333333334,0.16666666666666666,0.4,0.25,0.45,0.4375,0.4,0.4583333333333333,0.4583333333333333
