,fold,TN,FN,TP,FP,TPR,FPR,TNR,FNR,recall,acc,f1,precision_w,precision_macro,precision_micro,bsr,aucM
0,k_1,3,0,7,0,1.0,0.0,1.0,0.0,1.0,1.0,1.0,1.0,1.0,1.0,1.0,1.0
1,k_2,2,0,7,1,1.0,0.3333333333333333,0.6666666666666667,0.0,1.0,0.9,0.9333333333333333,0.9125,0.9375,0.9,0.8333333333333333,0.8333333333333334
2,k_3,2,4,3,1,0.42857142857142855,0.3333333333333333,0.6666666666666667,0.5714285714285714,0.42857142857142855,0.5,0.5454545454545454,0.625,0.5416666666666666,0.5,0.5476190476190476,0.5476190476190477
3,k_4,3,0,6,1,1.0,0.25,0.75,0.0,1.0,0.9,0.923076923076923,0.9142857142857143,0.9285714285714286,0.9,0.875,0.875
4,k_5,2,0,6,2,1.0,0.5,0.5,0.0,1.0,0.8,0.8571428571428571,0.85,0.875,0.8,0.75,0.75
5,k_6,4,0,6,0,1.0,0.0,1.0,0.0,1.0,1.0,1.0,1.0,1.0,1.0,1.0,1.0
6,k_7,2,0,6,2,1.0,0.5,0.5,0.0,1.0,0.8,0.8571428571428571,0.85,0.875,0.8,0.75,0.75
7,k_8,4,2,4,0,0.6666666666666666,0.0,1.0,0.3333333333333333,0.6666666666666666,0.8,0.8,0.8666666666666666,0.8333333333333333,0.8,0.8333333333333333,0.8333333333333333
8,k_9,2,0,6,2,1.0,0.5,0.5,0.0,1.0,0.8,0.8571428571428571,0.85,0.875,0.8,0.75,0.75
9,k_10,4,0,6,0,1.0,0.0,1.0,0.0,1.0,1.0,1.0,1.0,1.0,1.0,1.0,1.0
